name,X,Y,Z,distance
slope,-26.319208062778582,-6.850426918740575,37.646,46.442
slope,44.39213501220928,-3.159360655920909,65.535,79.218
